{
  "stddev_cplx_0.5": {
    "method": "\u6807\u51c6\u5dee\u6cd5 (complexity) mean above 0.5*std",
    "threshold": 5.9809244715398915,
    "selected_count": 501,
    "percentage": 33.4,
    "mean": 4.582666666666666,
    "std": 2.796515609746449
  },
  "stddev_cplx_1.0": {
    "method": "\u6807\u51c6\u5dee\u6cd5 (complexity) mean above 1.0*std",
    "threshold": 7.379182276413116,
    "selected_count": 240,
    "percentage": 16.0,
    "mean": 4.582666666666666,
    "std": 2.796515609746449
  },
  "stddev_cplx_1.5": {
    "method": "\u6807\u51c6\u5dee\u6cd5 (complexity) mean above 1.5*std",
    "threshold": 8.77744008128634,
    "selected_count": 148,
    "percentage": 9.866666666666667,
    "mean": 4.582666666666666,
    "std": 2.796515609746449
  },
  "stddev_cplx_2.0": {
    "method": "\u6807\u51c6\u5dee\u6cd5 (complexity) mean above 2.0*std",
    "threshold": 10.175697886159565,
    "selected_count": 42,
    "percentage": 2.8000000000000003,
    "mean": 4.582666666666666,
    "std": 2.796515609746449
  },
  "percentile_cplx_50": {
    "method": "\u5206\u4f4d\u6570\u6cd5 (complexity) P50",
    "threshold": 4.0,
    "selected_count": 880,
    "percentage": 58.666666666666664,
    "description": "\u9009\u62e9\u524d50%\u7684\u6700\u9ad8\u8d28\u91cf\u6837\u672c"
  },
  "percentile_cplx_60": {
    "method": "\u5206\u4f4d\u6570\u6cd5 (complexity) P60",
    "threshold": 5.0,
    "selected_count": 669,
    "percentage": 44.6,
    "description": "\u9009\u62e9\u524d40%\u7684\u6700\u9ad8\u8d28\u91cf\u6837\u672c"
  },
  "percentile_cplx_70": {
    "method": "\u5206\u4f4d\u6570\u6cd5 (complexity) P70",
    "threshold": 6.0,
    "selected_count": 501,
    "percentage": 33.4,
    "description": "\u9009\u62e9\u524d30%\u7684\u6700\u9ad8\u8d28\u91cf\u6837\u672c"
  },
  "percentile_cplx_75": {
    "method": "\u5206\u4f4d\u6570\u6cd5 (complexity) P75",
    "threshold": 6.0,
    "selected_count": 501,
    "percentage": 33.4,
    "description": "\u9009\u62e9\u524d25%\u7684\u6700\u9ad8\u8d28\u91cf\u6837\u672c"
  },
  "percentile_cplx_80": {
    "method": "\u5206\u4f4d\u6570\u6cd5 (complexity) P80",
    "threshold": 7.0,
    "selected_count": 368,
    "percentage": 24.53333333333333,
    "description": "\u9009\u62e9\u524d20%\u7684\u6700\u9ad8\u8d28\u91cf\u6837\u672c"
  },
  "percentile_cplx_90": {
    "method": "\u5206\u4f4d\u6570\u6cd5 (complexity) P90",
    "threshold": 8.0,
    "selected_count": 240,
    "percentage": 16.0,
    "description": "\u9009\u62e9\u524d10%\u7684\u6700\u9ad8\u8d28\u91cf\u6837\u672c"
  },
  "elbow_cplx": {
    "method": "Elbow\u6cd5 (complexity)",
    "threshold": 14.0,
    "selected_count": 6,
    "percentage": 0.4,
    "elbow_position": 1,
    "description": "\u5bfb\u627e\u5206\u5e03\u7684\u81ea\u7136\u65ad\u70b9"
  },
  "weighted_combined": {
    "method": "\u52a0\u6743\u7efc\u5408\u6cd5 (Complexity 0.7, Dynamic 0.3)",
    "threshold": 0.3809429603704345,
    "selected_count": 375,
    "percentage": 25.0,
    "selected_videos": [
      "000003.mp4",
      "000018.mp4",
      "000023.mp4",
      "000026.mp4",
      "000028.mp4",
      "000031.mp4",
      "000033.mp4",
      "000039.mp4",
      "000042.mp4",
      "000060.mp4",
      "000062.mp4",
      "000066.mp4",
      "000074.mp4",
      "000075.mp4",
      "000083.mp4",
      "000087.mp4",
      "000098.mp4",
      "000104.mp4",
      "000108.mp4",
      "000109.mp4",
      "000115.mp4",
      "000122.mp4",
      "000130.mp4",
      "000134.mp4",
      "000136.mp4",
      "000142.mp4",
      "000150.mp4",
      "000153.mp4",
      "000156.mp4",
      "000158.mp4",
      "000159.mp4",
      "000163.mp4",
      "000164.mp4",
      "000166.mp4",
      "000167.mp4",
      "000168.mp4",
      "000170.mp4",
      "000171.mp4",
      "000177.mp4",
      "000179.mp4",
      "000181.mp4",
      "000182.mp4",
      "000185.mp4",
      "000186.mp4",
      "000188.mp4",
      "000190.mp4",
      "000195.mp4",
      "000198.mp4",
      "000202.mp4",
      "000205.mp4",
      "000207.mp4",
      "000214.mp4",
      "000218.mp4",
      "000220.mp4",
      "000229.mp4",
      "000234.mp4",
      "000241.mp4",
      "000244.mp4",
      "000246.mp4",
      "000249.mp4",
      "000250.mp4",
      "000251.mp4",
      "000255.mp4",
      "000258.mp4",
      "000259.mp4",
      "000260.mp4",
      "000264.mp4",
      "000267.mp4",
      "000277.mp4",
      "000278.mp4",
      "000292.mp4",
      "000300.mp4",
      "000305.mp4",
      "000306.mp4",
      "000311.mp4",
      "000317.mp4",
      "000326.mp4",
      "000332.mp4",
      "000339.mp4",
      "000340.mp4",
      "000343.mp4",
      "000347.mp4",
      "000349.mp4",
      "000350.mp4",
      "000353.mp4",
      "000358.mp4",
      "000360.mp4",
      "000363.mp4",
      "000365.mp4",
      "000376.mp4",
      "000384.mp4",
      "000391.mp4",
      "000394.mp4",
      "000396.mp4",
      "000404.mp4",
      "000409.mp4",
      "000414.mp4",
      "000416.mp4",
      "000425.mp4",
      "000427.mp4",
      "000428.mp4",
      "000429.mp4",
      "000430.mp4",
      "000435.mp4",
      "000445.mp4",
      "000462.mp4",
      "000464.mp4",
      "000465.mp4",
      "000468.mp4",
      "000469.mp4",
      "000475.mp4",
      "000477.mp4",
      "000483.mp4",
      "000487.mp4",
      "000499.mp4",
      "000500.mp4",
      "000501.mp4",
      "000524.mp4",
      "000529.mp4",
      "000538.mp4",
      "000539.mp4",
      "000545.mp4",
      "000557.mp4",
      "000565.mp4",
      "000568.mp4",
      "000572.mp4",
      "000578.mp4",
      "000580.mp4",
      "000588.mp4",
      "000595.mp4",
      "000599.mp4",
      "000600.mp4",
      "000601.mp4",
      "000604.mp4",
      "000606.mp4",
      "000610.mp4",
      "000611.mp4",
      "000615.mp4",
      "000618.mp4",
      "000629.mp4",
      "000632.mp4",
      "000633.mp4",
      "000639.mp4",
      "000655.mp4",
      "000659.mp4",
      "000664.mp4",
      "000665.mp4",
      "000668.mp4",
      "000678.mp4",
      "000692.mp4",
      "000695.mp4",
      "000713.mp4",
      "000715.mp4",
      "000718.mp4",
      "000722.mp4",
      "000723.mp4",
      "000726.mp4",
      "000727.mp4",
      "000728.mp4",
      "000729.mp4",
      "000733.mp4",
      "000735.mp4",
      "000736.mp4",
      "000738.mp4",
      "000743.mp4",
      "000744.mp4",
      "000748.mp4",
      "000749.mp4",
      "000750.mp4",
      "000752.mp4",
      "000753.mp4",
      "000760.mp4",
      "000764.mp4",
      "000765.mp4",
      "000768.mp4",
      "000770.mp4",
      "000773.mp4",
      "000776.mp4",
      "000783.mp4",
      "000784.mp4",
      "000786.mp4",
      "000789.mp4",
      "000792.mp4",
      "000794.mp4",
      "000797.mp4",
      "000799.mp4",
      "000802.mp4",
      "000803.mp4",
      "000804.mp4",
      "000805.mp4",
      "000806.mp4",
      "000807.mp4",
      "000811.mp4",
      "000813.mp4",
      "000814.mp4",
      "000815.mp4",
      "000818.mp4",
      "000819.mp4",
      "000820.mp4",
      "000822.mp4",
      "000824.mp4",
      "000830.mp4",
      "000831.mp4",
      "000835.mp4",
      "000836.mp4",
      "000838.mp4",
      "000840.mp4",
      "000850.mp4",
      "000851.mp4",
      "000854.mp4",
      "000857.mp4",
      "000859.mp4",
      "000860.mp4",
      "000864.mp4",
      "000867.mp4",
      "000871.mp4",
      "000873.mp4",
      "000876.mp4",
      "000877.mp4",
      "000878.mp4",
      "000887.mp4",
      "000891.mp4",
      "000892.mp4",
      "000897.mp4",
      "000900.mp4",
      "000902.mp4",
      "000903.mp4",
      "000908.mp4",
      "000910.mp4",
      "000913.mp4",
      "000919.mp4",
      "000922.mp4",
      "000925.mp4",
      "000926.mp4",
      "000928.mp4",
      "000929.mp4",
      "000930.mp4",
      "000937.mp4",
      "000942.mp4",
      "000944.mp4",
      "000947.mp4",
      "000953.mp4",
      "000965.mp4",
      "000968.mp4",
      "000969.mp4",
      "000973.mp4",
      "000976.mp4",
      "000980.mp4",
      "000982.mp4",
      "000984.mp4",
