{
  "dynamic_change": {
    "min": 0.1099853515625,
    "max": 1.4541015625,
    "mean": 0.6678614908854167,
    "median": 0.687255859375,
    "std": 0.21027865531306444,
    "quantiles": {
      "p25": 0.5281982421875,
      "p50": 0.687255859375,
      "p60": 0.7305664062499999,
      "p70": 0.77734375,
      "p80": 0.8326171875,
      "p90": 0.92138671875,
      "p95": 1.0
    }
  },
  "scene_complexity": {
    "min": 0,
    "max": 15,
    "mean": 4.582666666666666,
    "median": 4.0,
    "std": 2.7974482479613876,
    "quantiles": {
      "p25": 2.0,
      "p50": 4.0,
      "p60": 5.0,
      "p70": 6.0,
      "p80": 7.0,
      "p90": 8.0,
      "p95": 10.0
    }
  }
}