,mock_model_b,qwen2_vl_7b
mock_model_b,1.0,0.3110442604701375
qwen2_vl_7b,0.3110442604701375,1.0
