{
  "metadata": {
    "analysis_date": "2025-12-04T23:42:03.590016",
    "total_videos": 10,
    "total_pairs": 10,
    "total_comparisons": 100,
    "models": [
      "gemini_2_0_flash",
      "internvl_best",
      "llava_next_video",
      "qwen2_vl_7b",
      "qwen_vl"
    ]
  },
  "statistics": {
    "global": {
      "mean": 0.2349135829742673,
      "median": 0.2222512379870904,
      "std": 0.10425203328727861,
      "min": 0.0667836087585767,
      "max": 0.5324178824187429,
      "q1": 0.144561898751901,
      "q3": 0.3039226261821082
    },
    "by_pair": {
      "llava_next_video vs qwen_vl": {
        "mean": 0.16443535517797989,
        "std": 0.03667974507165823,
        "min": 0.121220663892909,
        "max": 0.2494183418883045,
        "count": 10
      },
      "llava_next_video vs gemini_2_0_flash": {
        "mean": 0.11498999578865059,
        "std": 0.034270246008228165,
        "min": 0.0667836087585767,
        "max": 0.1831105727197664,
        "count": 10
      },
      "llava_next_video vs qwen2_vl_7b": {
        "mean": 0.27824104491689805,
        "std": 0.14250207800175826,
        "min": 0.1171105720762264,
        "max": 0.5324178824187429,
        "count": 10
      },
      "llava_next_video vs internvl_best": {
        "mean": 0.19063017612769928,
        "std": 0.11826562290924462,
        "min": 0.0673560990375461,
        "max": 0.4159809859791491,
        "count": 10
      },
      "qwen_vl vs gemini_2_0_flash": {
        "mean": 0.33418691632286796,
        "std": 0.08261814811252596,
        "min": 0.2041307914686914,
        "max": 0.4770087720233823,
        "count": 10
      },
      "qwen_vl vs qwen2_vl_7b": {
        "mean": 0.28799337845857953,
        "std": 0.05907031584586012,
        "min": 0.204686853024292,
        "max": 0.4221856730111046,
        "count": 10
      },
      "qwen_vl vs internvl_best": {
        "mean": 0.27948104588877315,
        "std": 0.05322483052513523,
        "min": 0.2006981501675455,
        "max": 0.3578999624542718,
        "count": 10
      },
      "gemini_2_0_flash vs qwen2_vl_7b": {
        "mean": 0.19086859052904553,
        "std": 0.09360892656943573,
        "min": 0.0718052872845664,
        "max": 0.4020242787161641,
        "count": 10
      },
      "gemini_2_0_flash vs internvl_best": {
        "mean": 0.22130597980622188,
        "std": 0.07683812876480937,
        "min": 0.1076970382637717,
        "max": 0.3383563133887869,
        "count": 10
      },
      "qwen2_vl_7b vs internvl_best": {
        "mean": 0.2870033467259573,
        "std": 0.08659084146094927,
        "min": 0.14506971931531,
        "max": 0.4304583279059431,
        "count": 10
      }
    },
    "by_video": {
      "3": {
        "mean": 0.20562481736100063,
        "std": 0.1393918124084995,
        "min": 0.0718052872845664,
        "max": 0.5324178824187429
      },
      "18": {
        "mean": 0.2682377585971666,
        "std": 0.15575601138608586,
        "min": 0.0667836087585767,
        "max": 0.4434919166860154
      },
      "39": {
        "mean": 0.20077829962243837,
        "std": 0.06736434000606752,
        "min": 0.1076593363817081,
        "max": 0.2958192177373029
      },
      "48": {
        "mean": 0.2148906296201233,
        "std": 0.09355365252210625,
        "min": 0.0673560990375461,
        "max": 0.3241480119724179
      },
      "71": {
        "mean": 0.2246930989366765,
        "std": 0.08011561788407952,
        "min": 0.1358491876660855,
        "max": 0.3440097317683845
      },
      "74": {
        "mean": 0.24599444185284575,
        "std": 0.10670103489616795,
        "min": 0.0918547132284928,
        "max": 0.4159809859791491
      },
      "109": {
        "mean": 0.2853721156002745,
        "std": 0.07000522602942298,
        "min": 0.1509476992245272,
        "max": 0.3685862861966868
      },
      "115": {
        "mean": 0.2567776192977421,
        "std": 0.11201300434896927,
        "min": 0.1009988845444981,
        "max": 0.4791538863995318
      },
      "137": {
        "mean": 0.23037695950668557,
        "std": 0.10163081584772823,
        "min": 0.1295482431060668,
        "max": 0.4770087720233823
      },
      "142": {
        "mean": 0.2163900893477198,
        "std": 0.0951267812217161,
        "min": 0.1052544935191813,
        "max": 0.3739276249420966
      }
    }
  },
  "recommendations": {
    "high_threshold": 0.3,
    "low_threshold": 0.15,
    "suggested_branch": "mixed",
    "use_llm_summary": true,
    "exclude_models": []
  }
}