,gemini_2_0_flash,internvl_best,llava_next_video,qwen2_vl_7b,qwen_vl
gemini_2_0_flash,1.0,0.22130597980622194,0.11498999578865061,0.1908685905290456,0.334186916322868
internvl_best,0.22130597980622194,1.0,0.1906301761276993,0.28700334672595734,0.2794810458887732
llava_next_video,0.11498999578865061,0.1906301761276993,1.0,0.27824104491689805,0.1644353551779799
qwen2_vl_7b,0.1908685905290456,0.28700334672595734,0.27824104491689805,1.0,0.2879933784585796
qwen_vl,0.334186916322868,0.2794810458887732,0.1644353551779799,0.2879933784585796,1.0
